Ano_Agricola,Area_Plantada_ha,Produtividade_t_ha,Producao_t
2015,28000,2.8,78400
2016,29000,2.9499999999999997,85550
2017,30000,3.0999999999999996,93000
2018,31000,3.25,100750
2019,32000,3.4,108800
2020,33000,3.55,117150
2021,34000,3.6999999999999997,125800
2022,35000,3.8499999999999996,134750
2023,36000,4.0,144000
2024,37000,4.1499999999999995,153550
2025,38000,4.3,163400
